id,submission_time,vote_number,question_id,message,image
1,1493398154,4,1,You need to use brackets: my_list = [],
2,1493088154,35,1,Look it up in the Python docs,
3,1656053688.3093255,0,2,seg,
4,1656055823.4940484,0,3,das,
5,1656055866.2229133,0,3,asdasdasd,
6,1656055868.8833065,0,3,asdasd,
7,1656057247.3928406,0,2,find in google,
